{
  "project_info": {
    "project_number": "304338649624",
    "firebase_url": "https://procter-and-gamble-e2552.firebaseio.com",
    "project_id": "procter-and-gamble-e2552",
    "storage_bucket": "procter-and-gamble-e2552.appspot.com"
  },
  "client": [
    {
      "client_info": {
        "mobilesdk_app_id": "1:304338649624:android:9ca1b9f4b9b028c2ccf96d",
        "android_client_info": {
          "package_name": "com.kv.androidhubi"
        }
      },
      "oauth_client": [
        {
          "client_id": "304338649624-jmd38sc6j8aet48fhgkfvghbul6ijsah.apps.googleusercontent.com",
          "client_type": 3
        }
      ],
      "api_key": [
        {
          "current_key": "AIzaSyCVEXyxpKUwh3njb9fmL7k30AfePbPzl64"
        }
      ],
      "services": {
        "appinvite_service": {
          "other_platform_oauth_client": [
            {
              "client_id": "304338649624-jmd38sc6j8aet48fhgkfvghbul6ijsah.apps.googleusercontent.com",
              "client_type": 3
            },
            {
              "client_id": "304338649624-2irkjkoq070ooq17vu39qn5njm088k2r.apps.googleusercontent.com",
              "client_type": 2,
              "ios_info": {
                "bundle_id": "com.kv.notARealApp"
              }
            }
          ]
        }
      }
    }
  ],
  "configuration_version": "1"
}